paper ID,intervention worker ID,intervention Vote,is intervention vote accurate?,use of tech paper ID,use of tech worker ID,use of tech vote,is tech vote accurate?,older adult paper ID,older adult worker ID,older adult vote,is older vote accurate?,,classes,GOLD INTERVENTION,GOLD USE OF TECH,GOLD OLD,GOLD SI,GOLD remote
1,AT6KZZ2OTABWK,1,1,1,AB66CTVQ90RCV,-1,0,1,A110KENBXU7SUJ,1,1,,INCLUDED,1,1,1,1,1
1,A3IC61LDXYISDY,1,1,1,A1665VCUSZL9YT,1,1,1,A142ZRU284W9O,1,1,,INCLUDED,1,1,1,1,1
1,A142ZRU284W9O,1,1,1,A1UE726OT3JLZ9,1,1,1,A3QX9ABC1DVMQG,-1,0,,INCLUDED,1,1,1,1,1
1,APQMFEY1KUL6A,1,1,1,A2PZDX8PIK73K3,1,1,1,AT6KZZ2OTABWK,1,1,,INCLUDED,1,1,1,1,1
1,A110KENBXU7SUJ,1,1,1,A3F9N2P4NUUR7S,-1,0,1,A1RO22O88I71FD,-1,0,,INCLUDED,1,1,1,1,1
2,A31681CCEVDIH3,-1,0,2,A2PZDX8PIK73K3,1,1,2,A1JGZD9FUDYJ30,1,1,,INCLUDED,1,1,1,1,1
2,A1UE726OT3JLZ9,-1,0,2,AB66CTVQ90RCV,-1,0,2,ASKV5KO5CV616,1,1,,INCLUDED,1,1,1,1,1
2,AT6KZZ2OTABWK,1,1,2,A36ABFLSNFESVJ,1,1,2,A1F8ZAE0P2RA8O,-1,0,,INCLUDED,1,1,1,1,1
2,AB66CTVQ90RCV,-1,0,2,A142ZRU284W9O,1,1,2,A1RO22O88I71FD,1,1,,INCLUDED,1,1,1,1,1
2,A2SBISQJE2ZPJQ,-1,0,2,A3F9N2P4NUUR7S,-1,0,2,MISSING,1,1,,INCLUDED,1,1,1,1,1
3,A3F9N2P4NUUR7S,1,1,3,A26699AEVYMM7N,0,1,3,A1CXAIALV3056P,-1,0,,INCLUDED,1,1,1,1,1
3,A1CXAIALV3056P,-1,0,3,A1665VCUSZL9YT,1,1,3,A1QKB93D6X2TYL,-1,0,,INCLUDED,1,1,1,1,1
3,A3QX9ABC1DVMQG,1,1,3,A1J4AZL6MZ675U,1,1,3,AT6KZZ2OTABWK,1,1,,INCLUDED,1,1,1,1,1
3,AB66CTVQ90RCV,1,1,3,AB66CTVQ90RCV,1,1,3,ASKV5KO5CV616,-1,0,,INCLUDED,1,1,1,1,1
3,A142ZRU284W9O,1,1,3,A29Y7ACFAJV9IS,1,1,3,A3HJNOCKXFOOVP,-1,0,,INCLUDED,1,1,1,1,1
4,A110KENBXU7SUJ,1,1,4,A1J4AZL6MZ675U,1,1,4,AT6KZZ2OTABWK,1,1,,INCLUDED,1,1,1,1,1
4,A2SBISQJE2ZPJQ,1,1,4,A2SBISQJE2ZPJQ,1,1,4,AB66CTVQ90RCV,1,1,,INCLUDED,1,1,1,1,1
4,A3F9N2P4NUUR7S,1,1,4,A2PZDX8PIK73K3,1,1,4,A3QX9ABC1DVMQG,1,1,,INCLUDED,1,1,1,1,1
4,A1W7G0SI8Q7EMM,-1,0,4,A1UE726OT3JLZ9,1,1,4,A2SC7SYQ22RJBR,1,1,,INCLUDED,1,1,1,1,1
4,AT6KZZ2OTABWK,1,1,4,AB66CTVQ90RCV,-1,0,4,A110KENBXU7SUJ,0,0,,INCLUDED,1,1,1,1,1
5,A1UE726OT3JLZ9,1,1,5,A29Y7ACFAJV9IS,1,1,5,A2SC7SYQ22RJBR,1,1,,INCLUDED,1,1,1,1,1
5,A31681CCEVDIH3,-1,0,5,AB66CTVQ90RCV,1,1,5,A1RO22O88I71FD,1,1,,INCLUDED,1,1,1,1,1
5,AB66CTVQ90RCV,1,1,5,AL8NYDL4JOYL3,1,1,5,A1QKB93D6X2TYL,1,1,,INCLUDED,1,1,1,1,1
5,A110KENBXU7SUJ,1,1,5,A142ZRU284W9O,1,1,5,A142ZRU284W9O,1,1,,INCLUDED,1,1,1,1,1
5,A142ZRU284W9O,1,1,5,A1G0W1P43RTBKK,1,1,5,A224B7BAQ0MZSN,1,1,,INCLUDED,1,1,1,1,1
6,AT6KZZ2OTABWK,1,1,6,A10EB4B9AEZT2G,-1,0,6,AB66CTVQ90RCV,1,1,,INCLUDED,1,1,1,1,1
6,A3F0NFNLOLFJT0,1,1,6,AM0JKZVOEOTMA,1,1,6,AT6KZZ2OTABWK,1,1,,INCLUDED,1,1,1,1,1
6,A35K3CN8ZVW6JT,1,1,6,AB66CTVQ90RCV,1,1,6,A2416IYI3FQMAG,1,1,,INCLUDED,1,1,1,1,1
6,A142ZRU284W9O,1,1,6,A3F9N2P4NUUR7S,1,1,6,A1RO22O88I71FD,1,1,,INCLUDED,1,1,1,1,1
6,AB66CTVQ90RCV,1,1,6,A142ZRU284W9O,1,1,6,A1QKB93D6X2TYL,-1,0,,INCLUDED,1,1,1,1,1
7,APQMFEY1KUL6A,-1,0,7,AB66CTVQ90RCV,1,1,7,A110KENBXU7SUJ,0,0,,INCLUDED,1,1,1,1,1
7,A1CXAIALV3056P,-1,0,7,A2PZDX8PIK73K3,1,1,7,A1F8ZAE0P2RA8O,1,1,,INCLUDED,1,1,1,1,1
7,A110KENBXU7SUJ,0,1,7,A12KW2ANXC46MZ,1,1,7,A1QKB93D6X2TYL,1,1,,INCLUDED,1,1,1,1,1
7,A3UWM3KJYEL5XU,-1,0,7,A142ZRU284W9O,-1,0,7,A1RO22O88I71FD,-1,0,,INCLUDED,1,1,1,1,1
7,AB66CTVQ90RCV,1,1,7,A29Y7ACFAJV9IS,1,1,7,MISSING,-1,0,,INCLUDED,1,1,1,1,1
8,A35K3CN8ZVW6JT,1,1,8,AL8NYDL4JOYL3,-1,0,8,A1RO22O88I71FD,-1,0,,INCLUDED,1,1,1,1,1
8,A2PU4YNWITAQVL,1,1,8,A3F9N2P4NUUR7S,1,1,8,A1UE726OT3JLZ9,1,1,,INCLUDED,1,1,1,1,1
8,A1QKFO6SE15Y5D,1,1,8,A142ZRU284W9O,0,1,8,AT6KZZ2OTABWK,1,1,,INCLUDED,1,1,1,1,1
8,A3UWM3KJYEL5XU,-1,0,8,AB66CTVQ90RCV,-1,0,8,APQMFEY1KUL6A,1,1,,INCLUDED,1,1,1,1,1
8,A3EGOFTCKJYGW,1,1,8,A2PZDX8PIK73K3,1,1,8,A110KENBXU7SUJ,0,0,,INCLUDED,1,1,1,1,1
9,A1UE726OT3JLZ9,-1,0,9,A2PZDX8PIK73K3,1,1,9,A3HJNOCKXFOOVP,1,1,,INCLUDED,1,1,1,1,1
9,ASKV5KO5CV616,1,1,9,A2SBISQJE2ZPJQ,1,1,9,A2416IYI3FQMAG,1,1,,INCLUDED,1,1,1,1,1
9,A2Z596CRYWL6XC,1,1,9,AL8NYDL4JOYL3,1,1,9,AT6KZZ2OTABWK,1,1,,INCLUDED,1,1,1,1,1
9,A142ZRU284W9O,1,1,9,A1UE726OT3JLZ9,1,1,9,A1RO22O88I71FD,1,1,,INCLUDED,1,1,1,1,1
9,APQMFEY1KUL6A,1,1,9,AB66CTVQ90RCV,1,1,9,A2SC7SYQ22RJBR,1,1,,INCLUDED,1,1,1,1,1
10,A142ZRU284W9O,1,1,10,AB66CTVQ90RCV,1,1,10,AT6KZZ2OTABWK,1,1,,INCLUDED,1,1,1,1,1
10,A1W7G0SI8Q7EMM,1,1,10,A1665VCUSZL9YT,1,1,10,ASKV5KO5CV616,-1,0,,INCLUDED,1,1,1,1,1
10,AT6KZZ2OTABWK,1,1,10,A142ZRU284W9O,1,1,10,A14NSVH4W27CK0,1,1,,INCLUDED,1,1,1,1,1
10,A35K3CN8ZVW6JT,1,1,10,A1J4AZL6MZ675U,1,1,10,A1QKB93D6X2TYL,1,1,,INCLUDED,1,1,1,1,1
10,A1UE726OT3JLZ9,-1,0,10,A2PZDX8PIK73K3,-1,0,10,MISSING,1,1,,INCLUDED,1,1,1,1,1
20,A110KENBXU7SUJ,-1,1,20,A1UE726OT3JLZ9,1,1,20,A1RO22O88I71FD,-1,0,,"no intervention, no remote, no SI",-1,1,1,,
20,A1UE726OT3JLZ9,-1,1,20,A2PZDX8PIK73K3,1,1,20,A3QX9ABC1DVMQG,1,1,,"no intervention, no remote, no SI",-1,1,1,,
20,A3UWM3KJYEL5XU,-1,1,20,A142ZRU284W9O,1,1,20,A3HJNOCKXFOOVP,1,1,,"no intervention, no remote, no SI",-1,1,1,,
20,A1RO22O88I71FD,-1,1,20,A2TTAG8NJ9EOIE,1,1,20,A1CXAIALV3056P,1,1,,"no intervention, no remote, no SI",-1,1,1,,
20,A31681CCEVDIH3,-1,1,20,AB66CTVQ90RCV,1,1,20,A14NSVH4W27CK0,1,1,,"no intervention, no remote, no SI",-1,1,1,,
21,A299J4PKHAEU9H,1,0,21,A142ZRU284W9O,1,1,21,AB66CTVQ90RCV,1,1,,"no intervention, no remote, no SI",-1,1,1,,
21,A1QKB93D6X2TYL,1,0,21,AL8NYDL4JOYL3,1,1,21,A1CXAIALV3056P,1,1,,"no intervention, no remote, no SI",-1,1,1,,
21,A3IC61LDXYISDY,1,0,21,A3F9N2P4NUUR7S,1,1,21,A1RO22O88I71FD,1,1,,"no intervention, no remote, no SI",-1,1,1,,
21,A142ZRU284W9O,-1,1,21,AB66CTVQ90RCV,1,1,21,A1QKB93D6X2TYL,1,1,,"no intervention, no remote, no SI",-1,1,1,,
21,AT6KZZ2OTABWK,1,0,21,A2PZDX8PIK73K3,1,1,21,AT6KZZ2OTABWK,1,1,,"no intervention, no remote, no SI",-1,1,1,,
22,A110KENBXU7SUJ,-1,1,22,A1UE726OT3JLZ9,1,1,22,ASKV5KO5CV616,1,1,,"no intervention, no remote, no SI",-1,1,1,,
22,AT6KZZ2OTABWK,-1,1,22,AB66CTVQ90RCV,1,1,22,A224B7BAQ0MZSN,1,1,,"no intervention, no remote, no SI",-1,1,1,,
22,A1QKB93D6X2TYL,1,0,22,A2PZDX8PIK73K3,1,1,22,AT6KZZ2OTABWK,-1,0,,"no intervention, no remote, no SI",-1,1,1,,
22,A1CXAIALV3056P,-1,1,22,A1J4AZL6MZ675U,1,1,22,A1F8ZAE0P2RA8O,1,1,,"no intervention, no remote, no SI",-1,1,1,,
22,A2SBISQJE2ZPJQ,1,0,22,A142ZRU284W9O,0,1,22,A1CXAIALV3056P,1,1,,"no intervention, no remote, no SI",-1,1,1,,
23,AB66CTVQ90RCV,1,0,23,A142ZRU284W9O,0,1,23,AB66CTVQ90RCV,1,1,,"no intervention, no remote, no SI",-1,1,1,,
23,A3F9N2P4NUUR7S,-1,1,23,A2PZDX8PIK73K3,1,1,23,A3EI4AOY9AZIQY,1,1,,"no intervention, no remote, no SI",-1,1,1,,
23,A299J4PKHAEU9H,1,0,23,A3F9N2P4NUUR7S,-1,0,23,A142ZRU284W9O,1,1,,"no intervention, no remote, no SI",-1,1,1,,
23,AT6KZZ2OTABWK,1,0,23,AB66CTVQ90RCV,-1,0,23,A1RO22O88I71FD,-1,0,,"no intervention, no remote, no SI",-1,1,1,,
23,A18J7H2QA7UQIR,1,0,23,A1G0W1P43RTBKK,1,1,23,MISSING,-1,0,,"no intervention, no remote, no SI",-1,1,1,,
24,AB66CTVQ90RCV,1,0,24,AM0JKZVOEOTMA,1,1,24,A1DR8T1SIVDUK8,1,1,,"no intervention, no remote, no SI",-1,1,1,,
24,A1J4AZL6MZ675U,1,0,24,A35K3CN8ZVW6JT,-1,0,24,A2416IYI3FQMAG,1,1,,"no intervention, no remote, no SI",-1,1,1,,
24,A3F9N2P4NUUR7S,-1,1,24,A142ZRU284W9O,1,1,24,AB66CTVQ90RCV,1,1,,"no intervention, no remote, no SI",-1,1,1,,
24,A299J4PKHAEU9H,1,0,24,A2PZDX8PIK73K3,-1,0,24,A3GOI327COFGY5,1,1,,"no intervention, no remote, no SI",-1,1,1,,
24,A2SBISQJE2ZPJQ,1,0,24,AB66CTVQ90RCV,1,1,24,A1RO22O88I71FD,1,1,,"no intervention, no remote, no SI",-1,1,1,,
25,A1RO22O88I71FD,0,0,25,A2SBISQJE2ZPJQ,1,1,25,A3QX9ABC1DVMQG,1,1,,"no intervention, no SI, protocol",-1,1,1,,
25,A299J4PKHAEU9H,-1,1,25,A142ZRU284W9O,1,1,25,AT6KZZ2OTABWK,1,1,,"no intervention, no SI, protocol",-1,1,1,,
25,A3F9N2P4NUUR7S,-1,1,25,A2PZDX8PIK73K3,1,1,25,ASKV5KO5CV616,1,1,,"no intervention, no SI, protocol",-1,1,1,,
25,A142ZRU284W9O,-1,1,25,AB66CTVQ90RCV,1,1,25,A1RO22O88I71FD,1,1,,"no intervention, no SI, protocol",-1,1,1,,
25,AB66CTVQ90RCV,1,0,25,A35K3CN8ZVW6JT,-1,0,25,A1QKB93D6X2TYL,1,1,,"no intervention, no SI, protocol",-1,1,1,,
26,A31681CCEVDIH3,-1,1,26,A142ZRU284W9O,1,1,26,A1QKB93D6X2TYL,1,1,,"no intervention, no SI, protocol",-1,1,1,,
26,A5DSYVNGYLCA5,1,0,26,A35K3CN8ZVW6JT,1,1,26,AT6KZZ2OTABWK,0,0,,"no intervention, no SI, protocol",-1,1,1,,
26,A142ZRU284W9O,0,0,26,A2PZDX8PIK73K3,1,1,26,A1CXAIALV3056P,-1,0,,"no intervention, no SI, protocol",-1,1,1,,
26,ASKV5KO5CV616,-1,1,26,A3F9N2P4NUUR7S,0,1,26,A2416IYI3FQMAG,1,1,,"no intervention, no SI, protocol",-1,1,1,,
26,A3IC61LDXYISDY,1,0,26,A2SBISQJE2ZPJQ,1,1,26,A110KENBXU7SUJ,1,1,,"no intervention, no SI, protocol",-1,1,1,,
27,AT6KZZ2OTABWK,-1,1,27,A1J4AZL6MZ675U,1,1,27,AT6KZZ2OTABWK,1,1,,"no intervention, no SI, survey",-1,1,1,,
27,A3EGOFTCKJYGW,-1,1,27,A29Y7ACFAJV9IS,1,1,27,A1RO22O88I71FD,-1,0,,"no intervention, no SI, survey",-1,1,1,,
27,A299J4PKHAEU9H,-1,1,27,AB66CTVQ90RCV,-1,0,27,A2SC7SYQ22RJBR,1,1,,"no intervention, no SI, survey",-1,1,1,,
27,A1J4AZL6MZ675U,1,0,27,A2QVKJW6Z11ZGD,1,1,27,A1QKB93D6X2TYL,1,1,,"no intervention, no SI, survey",-1,1,1,,
27,A142ZRU284W9O,-1,1,27,A142ZRU284W9O,1,1,27,A1JGZD9FUDYJ30,1,1,,"no intervention, no SI, survey",-1,1,1,,
28,AB66CTVQ90RCV,-1,1,28,A2PZDX8PIK73K3,1,1,28,A1CXAIALV3056P,1,1,,"no intervention, no SI, survey",-1,1,1,,
28,A110KENBXU7SUJ,-1,1,28,A142ZRU284W9O,1,1,28,AT6KZZ2OTABWK,1,1,,"no intervention, no SI, survey",-1,1,1,,
28,A3QX9ABC1DVMQG,1,0,28,AL8NYDL4JOYL3,-1,0,28,A3QX9ABC1DVMQG,-1,0,,"no intervention, no SI, survey",-1,1,1,,
28,A35K3CN8ZVW6JT,1,0,28,AB66CTVQ90RCV,1,1,28,A142ZRU284W9O,0,0,,"no intervention, no SI, survey",-1,1,1,,
28,A3PIQY6PK42RIS,-1,1,28,A29Y7ACFAJV9IS,1,1,28,A1RO22O88I71FD,-1,0,,"no intervention, no SI, survey",-1,1,1,,
29,A142ZRU284W9O,-1,1,29,A19NJB3QC1XU2C,1,0,29,AT6KZZ2OTABWK,-1,0,,"no intervention, no tech, no remote, no SI",-1,-1,1,,
29,A34CLFMP19G4NU,-1,1,29,A142ZRU284W9O,1,0,29,A1QKB93D6X2TYL,1,1,,"no intervention, no tech, no remote, no SI",-1,-1,1,,
29,AT6KZZ2OTABWK,1,0,29,A35K3CN8ZVW6JT,1,0,29,A1RO22O88I71FD,1,1,,"no intervention, no tech, no remote, no SI",-1,-1,1,,
29,A35K3CN8ZVW6JT,1,0,29,A1G0W1P43RTBKK,1,0,29,A142ZRU284W9O,1,1,,"no intervention, no tech, no remote, no SI",-1,-1,1,,
29,A31681CCEVDIH3,0,0,29,A2OK8X7F8VQFGG,1,0,29,A110KENBXU7SUJ,1,1,,"no intervention, no tech, no remote, no SI",-1,-1,1,,
30,A3F9N2P4NUUR7S,-1,1,30,A1UE726OT3JLZ9,1,0,30,AT6KZZ2OTABWK,0,0,,"no intervention, no tech, no remote, no SI, survey",-1,-1,1,,
30,A35K3CN8ZVW6JT,1,0,30,AB66CTVQ90RCV,-1,1,30,A1QKB93D6X2TYL,1,1,,"no intervention, no tech, no remote, no SI, survey",-1,-1,1,,
30,A1J4AZL6MZ675U,-1,1,30,A142ZRU284W9O,1,0,30,A3HJNOCKXFOOVP,1,1,,"no intervention, no tech, no remote, no SI, survey",-1,-1,1,,
30,A3UWM3KJYEL5XU,0,0,30,A2PZDX8PIK73K3,-1,1,30,A1S3GKL6QIS58S,1,1,,"no intervention, no tech, no remote, no SI, survey",-1,-1,1,,
30,A2SBISQJE2ZPJQ,1,0,30,A35K3CN8ZVW6JT,-1,1,30,MISSING,1,1,,"no intervention, no tech, no remote, no SI, survey",-1,-1,1,,
31,A1S2MN0E9BHPVA,1,0,31,AL8NYDL4JOYL3,1,0,31,A1RO22O88I71FD,-1,0,,"no intervention, no tech, no remote, no SI",-1,-1,1,,
31,A1W7G0SI8Q7EMM,-1,1,31,A142ZRU284W9O,1,0,31,AT6KZZ2OTABWK,1,1,,"no intervention, no tech, no remote, no SI",-1,-1,1,,
31,A3F9N2P4NUUR7S,-1,1,31,A26699AEVYMM7N,-1,1,31,A2SC7SYQ22RJBR,1,1,,"no intervention, no tech, no remote, no SI",-1,-1,1,,
31,A110KENBXU7SUJ,-1,1,31,AB66CTVQ90RCV,-1,1,31,A1QKB93D6X2TYL,1,1,,"no intervention, no tech, no remote, no SI",-1,-1,1,,
31,APQMFEY1KUL6A,-1,1,31,A2PZDX8PIK73K3,1,0,31,A1CXAIALV3056P,1,1,,"no intervention, no tech, no remote, no SI",-1,-1,1,,
32,A142ZRU284W9O,-1,1,32,A2OK8X7F8VQFGG,0,0,32,A142ZRU284W9O,1,1,,"no intervention, no tech, no remote, no SI",-1,-1,1,,
32,A5DSYVNGYLCA5,1,0,32,A142ZRU284W9O,-1,1,32,A1QKB93D6X2TYL,1,1,,"no intervention, no tech, no remote, no SI",-1,-1,1,,
32,AB66CTVQ90RCV,-1,1,32,AB66CTVQ90RCV,-1,1,32,A1RO22O88I71FD,-1,0,,"no intervention, no tech, no remote, no SI",-1,-1,1,,
32,A3F0NFNLOLFJT0,-1,1,32,A2PZDX8PIK73K3,-1,1,32,AT6KZZ2OTABWK,1,1,,"no intervention, no tech, no remote, no SI",-1,-1,1,,
32,A29X1A8AF3TUQP,0,0,32,A26699AEVYMM7N,0,0,32,A20FCMI1MPEEJN,0,0,,"no intervention, no tech, no remote, no SI",-1,-1,1,,
33,A3HJNOCKXFOOVP,-1,1,33,A142ZRU284W9O,1,0,33,A1QKB93D6X2TYL,1,1,,"no intervention, no tech, no remote, no SI",-1,-1,1,,
33,A3IC61LDXYISDY,-1,1,33,A29Y7ACFAJV9IS,1,0,33,A1RO22O88I71FD,1,1,,"no intervention, no tech, no remote, no SI",-1,-1,1,,
33,AT6KZZ2OTABWK,-1,1,33,AB66CTVQ90RCV,1,0,33,A3QX9ABC1DVMQG,1,1,,"no intervention, no tech, no remote, no SI",-1,-1,1,,
33,AB66CTVQ90RCV,1,0,33,A2PZDX8PIK73K3,1,0,33,A2416IYI3FQMAG,1,1,,"no intervention, no tech, no remote, no SI",-1,-1,1,,
33,A5DSYVNGYLCA5,1,0,33,A36ABFLSNFESVJ,1,0,33,A224B7BAQ0MZSN,1,1,,"no intervention, no tech, no remote, no SI",-1,-1,1,,
46,AT6KZZ2OTABWK,-1,0,46,AB66CTVQ90RCV,1,1,46,A142ZRU284W9O,1,1,,no SI,1,1,1,,
46,A2SBISQJE2ZPJQ,-1,0,46,A2PZDX8PIK73K3,1,1,46,A1RO22O88I71FD,-1,0,,no SI,1,1,1,,
46,ASKV5KO5CV616,-1,0,46,A1665VCUSZL9YT,0,1,46,A1JGZD9FUDYJ30,1,1,,no SI,1,1,1,,
46,A142ZRU284W9O,1,1,46,A19NJB3QC1XU2C,1,1,46,AB66CTVQ90RCV,1,1,,no SI,1,1,1,,
46,A5DSYVNGYLCA5,1,1,46,A35K3CN8ZVW6JT,1,1,46,AT6KZZ2OTABWK,-1,0,,no SI,1,1,1,,
47,A1CXAIALV3056P,-1,0,47,A2PZDX8PIK73K3,1,1,47,A2PZDX8PIK73K3,1,1,,no SI,1,1,1,,
47,A142ZRU284W9O,-1,0,47,A3F9N2P4NUUR7S,-1,0,47,A142ZRU284W9O,1,1,,no SI,1,1,1,,
47,A5DSYVNGYLCA5,1,1,47,AB66CTVQ90RCV,1,1,47,A1RO22O88I71FD,-1,0,,no SI,1,1,1,,
47,A3F9N2P4NUUR7S,1,1,47,A1UE726OT3JLZ9,1,1,47,A3HJNOCKXFOOVP,1,1,,no SI,1,1,1,,
47,A3UWM3KJYEL5XU,-1,0,47,A142ZRU284W9O,1,1,47,A1QKB93D6X2TYL,1,1,,no SI,1,1,1,,
48,A299J4PKHAEU9H,1,1,48,A1J4AZL6MZ675U,1,1,48,A2416IYI3FQMAG,1,1,,no SI,1,1,1,,
48,AB66CTVQ90RCV,1,1,48,AL8NYDL4JOYL3,1,1,48,A1QKB93D6X2TYL,1,1,,no SI,1,1,1,,
48,A1CXAIALV3056P,-1,0,48,A2PZDX8PIK73K3,1,1,48,AT6KZZ2OTABWK,1,1,,no SI,1,1,1,,
48,A2SBISQJE2ZPJQ,1,1,48,A142ZRU284W9O,1,1,48,A3HJNOCKXFOOVP,1,1,,no SI,1,1,1,,
48,A3QX9ABC1DVMQG,1,1,48,A3F9N2P4NUUR7S,-1,0,48,A1UE726OT3JLZ9,1,1,,no SI,1,1,1,,
49,AT6KZZ2OTABWK,0,1,49,A1UE726OT3JLZ9,1,1,49,A3HJNOCKXFOOVP,1,1,,no SI,1,1,1,,
49,A3EI4AOY9AZIQY,-1,0,49,A2PZDX8PIK73K3,-1,0,49,A1RO22O88I71FD,-1,0,,no SI,1,1,1,,
49,A110KENBXU7SUJ,0,1,49,AB66CTVQ90RCV,1,1,49,A1QKB93D6X2TYL,1,1,,no SI,1,1,1,,
49,AB66CTVQ90RCV,-1,0,49,A142ZRU284W9O,1,1,49,AB66CTVQ90RCV,1,1,,no SI,1,1,1,,
49,A142ZRU284W9O,-1,0,49,A29Y7ACFAJV9IS,1,1,49,A2PZDX8PIK73K3,1,1,,no SI,1,1,1,,
50,A3F9N2P4NUUR7S,1,1,50,A142ZRU284W9O,1,1,50,A3GVKB5XT6G8M4,-1,0,,no SI,1,1,1,,
50,A31681CCEVDIH3,-1,0,50,A2SBISQJE2ZPJQ,1,1,50,A1RO22O88I71FD,-1,0,,no SI,1,1,1,,
50,ASKV5KO5CV616,-1,0,50,AB66CTVQ90RCV,1,1,50,AT6KZZ2OTABWK,-1,0,,no SI,1,1,1,,
50,A1CXAIALV3056P,1,1,50,A2PZDX8PIK73K3,1,1,50,A3QX9ABC1DVMQG,1,1,,no SI,1,1,1,,
50,A35K3CN8ZVW6JT,1,1,50,A1J4AZL6MZ675U,1,1,50,A14NSVH4W27CK0,1,1,,no SI,1,1,1,,
51,AB66CTVQ90RCV,1,1,51,A142ZRU284W9O,1,1,51,A20FCMI1MPEEJN,1,1,,no SI,1,1,1,,
51,A142ZRU284W9O,0,1,51,AB66CTVQ90RCV,-1,0,51,A1JGZD9FUDYJ30,1,1,,no SI,1,1,1,,
51,A31681CCEVDIH3,-1,0,51,A2PZDX8PIK73K3,1,1,51,A110KENBXU7SUJ,1,1,,no SI,1,1,1,,
51,A1CXAIALV3056P,-1,0,51,A3F9N2P4NUUR7S,1,1,51,A1RO22O88I71FD,-1,0,,no SI,1,1,1,,
51,A3F9N2P4NUUR7S,-1,0,51,A1J4AZL6MZ675U,1,1,52,A1QKB93D6X2TYL,1,1,,no SI,1,1,1,,
52,A1S2MN0E9BHPVA,-1,0,52,A142ZRU284W9O,1,1,52,A2SC7SYQ22RJBR,1,1,,no SI,1,1,1,,
52,A3F0NFNLOLFJT0,-1,0,52,A2QVKJW6Z11ZGD,1,1,52,AB66CTVQ90RCV,1,1,,no SI,1,1,1,,
52,A1UE726OT3JLZ9,-1,0,52,AB66CTVQ90RCV,-1,0,52,A142ZRU284W9O,1,1,,no SI,1,1,1,,
52,A142ZRU284W9O,-1,0,52,A2OK8X7F8VQFGG,1,1,52,A2Z596CRYWL6XC,1,1,,no SI,1,1,1,,
52,AB66CTVQ90RCV,1,1,52,APV0K0H4L16M0,1,1,52,MISSING,1,1,,no SI,1,1,1,,
66,A1CXAIALV3056P,-1,1,66,A2PZDX8PIK73K3,1,1,66,A1UE726OT3JLZ9,1,1,,"no SI, no intervention",-1,1,1,,
66,A1QKFO6SE15Y5D,1,0,66,A2SBISQJE2ZPJQ,1,1,66,A142ZRU284W9O,1,1,,"no SI, no intervention",-1,1,1,,
66,A3QX9ABC1DVMQG,-1,1,66,AB66CTVQ90RCV,1,1,66,AB66CTVQ90RCV,1,1,,"no SI, no intervention",-1,1,1,,
66,A142ZRU284W9O,-1,1,66,A2Z596CRYWL6XC,1,1,66,A1QKB93D6X2TYL,1,1,,"no SI, no intervention",-1,1,1,,
66,AB66CTVQ90RCV,-1,1,66,A1665VCUSZL9YT,-1,0,66,AT6KZZ2OTABWK,1,1,,"no SI, no intervention",-1,1,1,,
67,A2SBISQJE2ZPJQ,1,0,67,A142ZRU284W9O,1,1,67,A14NSVH4W27CK0,1,1,,"no SI, no intervention",-1,1,1,,
67,A142ZRU284W9O,-1,1,67,A2PZDX8PIK73K3,1,1,67,AB66CTVQ90RCV,1,1,,"no SI, no intervention",-1,1,1,,
67,AB66CTVQ90RCV,1,0,67,AB66CTVQ90RCV,1,1,67,A3HJNOCKXFOOVP,1,1,,"no SI, no intervention",-1,1,1,,
67,A3EGOFTCKJYGW,1,0,67,AM0JKZVOEOTMA,1,1,67,A1QKB93D6X2TYL,1,1,,"no SI, no intervention",-1,1,1,,
67,A3IC61LDXYISDY,-1,1,67,A29Y7ACFAJV9IS,1,1,67,A1RO22O88I71FD,-1,0,,"no SI, no intervention",-1,1,1,,
68,ASKV5KO5CV616,-1,1,68,A2PZDX8PIK73K3,1,1,68,A142ZRU284W9O,1,1,,"no SI, no intervention",-1,1,1,,
68,A1S2MN0E9BHPVA,-1,1,68,A1665VCUSZL9YT,1,1,68,ALV7XBE1ZGD93,1,1,,"no SI, no intervention",-1,1,1,,
68,A2SBISQJE2ZPJQ,1,0,68,AB66CTVQ90RCV,1,1,68,A3QX9ABC1DVMQG,1,1,,"no SI, no intervention",-1,1,1,,
68,AT6KZZ2OTABWK,-1,1,68,A29Y7ACFAJV9IS,-1,0,68,A1RO22O88I71FD,1,1,,"no SI, no intervention",-1,1,1,,
68,A1J4AZL6MZ675U,1,0,68,A2Z596CRYWL6XC,1,1,68,A110KENBXU7SUJ,-1,0,,"no SI, no intervention",-1,1,1,,
69,A1UE726OT3JLZ9,1,0,69,AB66CTVQ90RCV,-1,0,69,A1QKB93D6X2TYL,1,1,,"no SI, no intervention",-1,1,1,,
69,A3F9N2P4NUUR7S,1,0,69,A142ZRU284W9O,-1,0,69,AT6KZZ2OTABWK,1,1,,"no SI, no intervention",-1,1,1,,
69,A110KENBXU7SUJ,1,0,69,APV0K0H4L16M0,1,1,69,A3GOI327COFGY5,1,1,,"no SI, no intervention",-1,1,1,,
69,A35K3CN8ZVW6JT,1,0,69,A2PZDX8PIK73K3,-1,0,69,A110KENBXU7SUJ,1,1,,"no SI, no intervention",-1,1,1,,
69,A3IC61LDXYISDY,1,0,69,A29Y7ACFAJV9IS,-1,0,69,A1CXAIALV3056P,1,1,,"no SI, no intervention",-1,1,1,,
70,A142ZRU284W9O,-1,1,70,A142ZRU284W9O,1,1,70,A1QKB93D6X2TYL,1,1,,"no SI, no intervention",-1,1,1,,
70,A1F8ZAE0P2RA8O,-1,1,70,AB66CTVQ90RCV,1,1,70,A1CXAIALV3056P,-1,0,,"no SI, no intervention",-1,1,1,,
70,A31681CCEVDIH3,-1,1,70,A2PZDX8PIK73K3,-1,0,70,A1F8ZAE0P2RA8O,1,1,,"no SI, no intervention",-1,1,1,,
70,A1W7G0SI8Q7EMM,1,0,70,APV0K0H4L16M0,1,1,70,AT6KZZ2OTABWK,1,1,,"no SI, no intervention",-1,1,1,,
70,A1CXAIALV3056P,1,0,70,A1J4AZL6MZ675U,1,1,70,A1RO22O88I71FD,1,1,,"no SI, no intervention",-1,1,1,,
71,A1QKB93D6X2TYL,1,0,71,A1665VCUSZL9YT,1,1,71,A1JGZD9FUDYJ30,1,1,,"no SI, no intervention",-1,1,1,,
71,AB66CTVQ90RCV,1,0,71,AB66CTVQ90RCV,-1,0,71,A1QKB93D6X2TYL,1,1,,"no SI, no intervention",-1,1,1,,
71,A35K3CN8ZVW6JT,1,0,71,A2PZDX8PIK73K3,1,1,71,A1CXAIALV3056P,0,0,,"no SI, no intervention",-1,1,1,,
71,A3UWM3KJYEL5XU,1,0,71,A142ZRU284W9O,1,1,71,A1RO22O88I71FD,1,1,,"no SI, no intervention",-1,1,1,,
71,AT6KZZ2OTABWK,1,0,71,A1UE726OT3JLZ9,1,1,71,A110KENBXU7SUJ,1,1,,"no SI, no intervention",-1,1,1,,
72,A1CXAIALV3056P,-1,1,72,A142ZRU284W9O,1,1,72,A2416IYI3FQMAG,-1,0,,"no SI, no intervention",-1,1,1,,
72,A3F9N2P4NUUR7S,-1,1,72,A2MO0MCFPWXYS7,-1,0,72,APQMFEY1KUL6A,1,1,,"no SI, no intervention",-1,1,1,,
72,AT6KZZ2OTABWK,-1,1,72,A29Y7ACFAJV9IS,1,1,72,A2SC7SYQ22RJBR,0,0,,"no SI, no intervention",-1,1,1,,
72,A3F0NFNLOLFJT0,1,0,72,A1G0W1P43RTBKK,1,1,72,A1F8ZAE0P2RA8O,1,1,,"no SI, no intervention",-1,1,1,,
72,A31681CCEVDIH3,-1,1,72,AB66CTVQ90RCV,1,1,72,A1QKB93D6X2TYL,1,1,,"no SI, no intervention",-1,1,1,,
73,A31681CCEVDIH3,-1,1,73,A1665VCUSZL9YT,1,1,73,A224B7BAQ0MZSN,1,1,,"no SI, no intervention",-1,1,1,,
73,A3F0NFNLOLFJT0,1,0,73,A2SBISQJE2ZPJQ,1,1,73,AT6KZZ2OTABWK,0,0,,"no SI, no intervention",-1,1,1,,
73,A1F8ZAE0P2RA8O,-1,1,73,A142ZRU284W9O,-1,0,73,A1F8ZAE0P2RA8O,1,1,,"no SI, no intervention",-1,1,1,,
73,A2SBISQJE2ZPJQ,-1,1,73,AB66CTVQ90RCV,1,1,73,A1RO22O88I71FD,-1,0,,"no SI, no intervention",-1,1,1,,
73,A142ZRU284W9O,-1,1,73,A19NJB3QC1XU2C,1,1,73,MISSING,1,1,,"no SI, no intervention",-1,1,1,,
74,AB66CTVQ90RCV,1,0,74,AB66CTVQ90RCV,1,1,74,AB66CTVQ90RCV,1,1,,"no SI, no intervention",-1,1,1,,
74,AT6KZZ2OTABWK,1,0,74,A2PZDX8PIK73K3,1,1,74,AT6KZZ2OTABWK,-1,0,,"no SI, no intervention",-1,1,1,,
74,A3HJNOCKXFOOVP,-1,1,74,A142ZRU284W9O,1,1,74,A1UE726OT3JLZ9,1,1,,"no SI, no intervention",-1,1,1,,
74,A5DSYVNGYLCA5,1,0,74,A19NJB3QC1XU2C,1,1,74,A1RO22O88I71FD,1,1,,"no SI, no intervention",-1,1,1,,
74,A2SBISQJE2ZPJQ,1,0,74,APV0K0H4L16M0,1,1,74,A1F8ZAE0P2RA8O,1,1,,"no SI, no intervention",-1,1,1,,
75,A2SBISQJE2ZPJQ,1,0,75,A142ZRU284W9O,1,1,75,A3QX9ABC1DVMQG,-1,0,,"no SI, no intervention",-1,1,1,,
75,A36ABFLSNFESVJ,-1,1,75,A2PZDX8PIK73K3,1,1,75,A1QKB93D6X2TYL,1,1,,"no SI, no intervention",-1,1,1,,
75,A3UWM3KJYEL5XU,-1,1,75,A1J4AZL6MZ675U,1,1,75,A142ZRU284W9O,-1,0,,"no SI, no intervention",-1,1,1,,
75,A1CXAIALV3056P,-1,1,75,AB66CTVQ90RCV,1,1,75,AT6KZZ2OTABWK,-1,0,,"no SI, no intervention",-1,1,1,,
75,A142ZRU284W9O,-1,1,75,A2MO0MCFPWXYS7,1,1,75,A1RO22O88I71FD,1,1,,"no SI, no intervention",-1,1,1,,
89,A5DSYVNGYLCA5,1,1,89,A142ZRU284W9O,-1,1,89,A1QKB93D6X2TYL,1,1,,no tech,1,-1,1,,
89,A110KENBXU7SUJ,-1,0,89,A2QVKJW6Z11ZGD,0,0,89,A1RO22O88I71FD,-1,0,,no tech,1,-1,1,,
89,A142ZRU284W9O,1,1,89,AL8NYDL4JOYL3,-1,1,89,A2SC7SYQ22RJBR,1,1,,no tech,1,-1,1,,
89,ASKV5KO5CV616,1,1,89,A2PZDX8PIK73K3,-1,1,89,A2416IYI3FQMAG,0,0,,no tech,1,-1,1,,
89,A26GVZEJLKZGSB,1,1,89,AB66CTVQ90RCV,-1,1,89,A1F8ZAE0P2RA8O,-1,0,,no tech,1,-1,1,,
90,A142ZRU284W9O,-1,0,90,A2SBISQJE2ZPJQ,1,0,90,A142ZRU284W9O,1,1,,no tech,1,-1,1,,
90,A2SBISQJE2ZPJQ,1,1,90,AB66CTVQ90RCV,-1,1,90,AT6KZZ2OTABWK,1,1,,no tech,1,-1,1,,
90,ASKV5KO5CV616,-1,0,90,A12KW2ANXC46MZ,1,0,90,A2PZDX8PIK73K3,1,1,,no tech,1,-1,1,,
90,AT6KZZ2OTABWK,1,1,90,A1665VCUSZL9YT,-1,1,90,A1RO22O88I71FD,-1,0,,no tech,1,-1,1,,
90,A3IC61LDXYISDY,0,1,90,A2PZDX8PIK73K3,-1,1,90,A2SC7SYQ22RJBR,1,1,,no tech,1,-1,1,,
91,A142ZRU284W9O,-1,0,91,A12KW2ANXC46MZ,1,0,91,A1QKB93D6X2TYL,1,1,,no tech,1,-1,1,,
91,A3F9N2P4NUUR7S,1,1,91,AB66CTVQ90RCV,-1,1,91,A224B7BAQ0MZSN,1,1,,no tech,1,-1,1,,
91,A1S2MN0E9BHPVA,-1,0,91,A2PZDX8PIK73K3,-1,1,91,AT6KZZ2OTABWK,1,1,,no tech,1,-1,1,,
91,A3UWM3KJYEL5XU,-1,0,91,A142ZRU284W9O,-1,1,91,A3HJNOCKXFOOVP,1,1,,no tech,1,-1,1,,
91,A1CXAIALV3056P,1,1,91,A1UE726OT3JLZ9,-1,1,91,A2Z596CRYWL6XC,0,0,,no tech,1,-1,1,,
92,ASKV5KO5CV616,-1,0,92,AB66CTVQ90RCV,-1,1,92,AB66CTVQ90RCV,1,1,,no tech,1,-1,1,,
92,A3UWM3KJYEL5XU,-1,0,92,A2PZDX8PIK73K3,-1,1,92,AT6KZZ2OTABWK,0,0,,no tech,1,-1,1,,
92,A2SBISQJE2ZPJQ,-1,0,92,A1J4AZL6MZ675U,-1,1,92,A1QKB93D6X2TYL,1,1,,no tech,1,-1,1,,
92,A3QX9ABC1DVMQG,-1,0,92,A142ZRU284W9O,-1,1,92,A1UE726OT3JLZ9,-1,0,,no tech,1,-1,1,,
92,A110KENBXU7SUJ,-1,0,92,A3F9N2P4NUUR7S,-1,1,92,A1JGZD9FUDYJ30,0,0,,no tech,1,-1,1,,
93,AB66CTVQ90RCV,-1,0,93,AB66CTVQ90RCV,-1,1,93,A110KENBXU7SUJ,1,1,,no tech,1,-1,1,,
93,ASKV5KO5CV616,-1,0,93,A2PZDX8PIK73K3,-1,1,93,AT6KZZ2OTABWK,1,1,,no tech,1,-1,1,,
93,A3UWM3KJYEL5XU,-1,0,93,AL8NYDL4JOYL3,-1,1,93,A142ZRU284W9O,-1,0,,no tech,1,-1,1,,
93,A1UE726OT3JLZ9,-1,0,93,A35K3CN8ZVW6JT,-1,1,93,A1UE726OT3JLZ9,1,1,,no tech,1,-1,1,,
93,A2PU4YNWITAQVL,1,1,93,A142ZRU284W9O,-1,1,93,A2Z596CRYWL6XC,1,1,,no tech,1,-1,1,,
94,A3UWM3KJYEL5XU,1,1,94,A26699AEVYMM7N,1,0,94,A3HJNOCKXFOOVP,1,1,,no tech,1,-1,1,,
94,A142ZRU284W9O,1,1,94,A12KW2ANXC46MZ,1,0,94,A1RO22O88I71FD,1,1,,no tech,1,-1,1,,
94,A3IC61LDXYISDY,1,1,94,A3F9N2P4NUUR7S,0,0,94,AT6KZZ2OTABWK,1,1,,no tech,1,-1,1,,
94,AT6KZZ2OTABWK,-1,0,94,AB66CTVQ90RCV,-1,1,94,A1QKB93D6X2TYL,1,1,,no tech,1,-1,1,,
94,A3F9N2P4NUUR7S,1,1,94,A1UE726OT3JLZ9,-1,1,94,A1JGZD9FUDYJ30,1,1,,no tech,1,-1,1,,
95,AT6KZZ2OTABWK,0,1,95,A2SBISQJE2ZPJQ,1,0,95,A1CXAIALV3056P,1,1,,no tech,1,-1,1,,
95,A1D9FOXZ0UT0L2,1,1,95,A2PZDX8PIK73K3,-1,1,95,A1QKB93D6X2TYL,1,1,,no tech,1,-1,1,,
95,A3F9N2P4NUUR7S,1,1,95,AB66CTVQ90RCV,-1,1,95,ASKV5KO5CV616,-1,0,,no tech,1,-1,1,,
95,AB66CTVQ90RCV,-1,0,95,A26699AEVYMM7N,1,0,95,A3QX9ABC1DVMQG,1,1,,no tech,1,-1,1,,
95,A299J4PKHAEU9H,1,1,95,A2R8IV2PWFTY00,-1,1,95,A3HJNOCKXFOOVP,1,1,,no tech,1,-1,1,,
96,A3UWM3KJYEL5XU,-1,0,96,A1665VCUSZL9YT,1,0,96,AT6KZZ2OTABWK,1,1,,no tech,1,-1,1,,
96,A110KENBXU7SUJ,0,1,96,A1UE726OT3JLZ9,-1,1,96,A1RO22O88I71FD,-1,0,,no tech,1,-1,1,,
96,ASKV5KO5CV616,-1,0,96,AB66CTVQ90RCV,-1,1,96,AB66CTVQ90RCV,1,1,,no tech,1,-1,1,,
96,A3IC61LDXYISDY,-1,0,96,A1G0W1P43RTBKK,1,0,96,A2UMOQCJHA841L,1,1,,no tech,1,-1,1,,
96,AT6KZZ2OTABWK,0,1,96,A2SBISQJE2ZPJQ,1,0,96,A110KENBXU7SUJ,1,1,,no tech,1,-1,1,,
97,ASKV5KO5CV616,-1,0,97,A1J4AZL6MZ675U,1,0,97,A1RO22O88I71FD,1,1,,no tech,1,-1,1,,
97,AT6KZZ2OTABWK,1,1,97,AB66CTVQ90RCV,-1,1,97,A3HJNOCKXFOOVP,1,1,,no tech,1,-1,1,,
97,A31681CCEVDIH3,-1,0,97,A142ZRU284W9O,1,0,97,A2416IYI3FQMAG,1,1,,no tech,1,-1,1,,
97,A1J4AZL6MZ675U,1,1,97,A2SBISQJE2ZPJQ,1,0,97,A3QX9ABC1DVMQG,-1,0,,no tech,1,-1,1,,
97,A3F0NFNLOLFJT0,-1,0,97,A1G0W1P43RTBKK,1,0,97,A1QKB93D6X2TYL,1,1,,no tech,1,-1,1,,
98,AB66CTVQ90RCV,-1,0,98,A142ZRU284W9O,-1,1,98,A3QX9ABC1DVMQG,1,1,,no tech,1,-1,1,,
98,A31681CCEVDIH3,-1,0,98,AB66CTVQ90RCV,-1,1,98,A224B7BAQ0MZSN,1,1,,no tech,1,-1,1,,
98,A1J4AZL6MZ675U,-1,0,98,A1J4AZL6MZ675U,-1,1,98,A1RO22O88I71FD,-1,0,,no tech,1,-1,1,,
98,AT6KZZ2OTABWK,1,1,98,A2PZDX8PIK73K3,-1,1,98,A142ZRU284W9O,1,1,,no tech,1,-1,1,,
98,A142ZRU284W9O,-1,0,98,A10EB4B9AEZT2G,1,0,98,AT6KZZ2OTABWK,1,1,,no tech,1,-1,1,,
99,A142ZRU284W9O,1,1,99,A1CXAIALV3056P,1,0,99,A224B7BAQ0MZSN,1,1,,no tech,1,-1,1,,
99,A3PIQY6PK42RIS,1,1,99,AB66CTVQ90RCV,-1,1,99,A1RO22O88I71FD,-1,0,,no tech,1,-1,1,,
99,AB66CTVQ90RCV,1,1,99,A3F9N2P4NUUR7S,1,0,99,A2416IYI3FQMAG,1,1,,no tech,1,-1,1,,
99,AMGGLXGMFWEN2,-1,0,99,A1665VCUSZL9YT,-1,1,99,A1QKB93D6X2TYL,1,1,,no tech,1,-1,1,,
99,A1J4AZL6MZ675U,-1,0,99,AL8NYDL4JOYL3,1,0,99,A110KENBXU7SUJ,1,1,,no tech,1,-1,1,,
100,A142ZRU284W9O,0,1,100,A2PZDX8PIK73K3,-1,1,100,A1QKB93D6X2TYL,1,1,,no tech,1,-1,1,,
100,A3UWM3KJYEL5XU,-1,0,100,AB66CTVQ90RCV,-1,1,100,A1CXAIALV3056P,1,1,,no tech,1,-1,1,,
100,A1QKB93D6X2TYL,1,1,100,A1G0W1P43RTBKK,1,0,100,A1RO22O88I71FD,0,0,,no tech,1,-1,1,,
100,ASKV5KO5CV616,1,1,100,A2SBISQJE2ZPJQ,1,0,100,APQMFEY1KUL6A,1,1,,no tech,1,-1,1,,
100,A35K3CN8ZVW6JT,1,1,100,A142ZRU284W9O,-1,1,100,MISSING,1,1,,no tech,1,-1,1,,
101,AB66CTVQ90RCV,-1,0,101,A142ZRU284W9O,-1,1,101,A1RO22O88I71FD,1,1,,no tech,1,-1,1,,
101,A110KENBXU7SUJ,-1,0,101,A1G0W1P43RTBKK,1,0,101,A110KENBXU7SUJ,0,0,,no tech,1,-1,1,,
101,A142ZRU284W9O,-1,0,101,A1J4AZL6MZ675U,-1,1,101,ASKV5KO5CV616,1,1,,no tech,1,-1,1,,
101,ASKV5KO5CV616,1,1,101,AB66CTVQ90RCV,-1,1,101,A2SC7SYQ22RJBR,1,1,,no tech,1,-1,1,,
101,A1QKB93D6X2TYL,1,1,101,A36ABFLSNFESVJ,-1,1,101,A3QX9ABC1DVMQG,1,1,,no tech,1,-1,1,,
102,A2SBISQJE2ZPJQ,1,1,102,A2PZDX8PIK73K3,-1,1,102,A1RO22O88I71FD,-1,0,,no tech,1,-1,1,,
102,A142ZRU284W9O,-1,0,102,A2MO0MCFPWXYS7,1,0,102,A1UE726OT3JLZ9,1,1,,no tech,1,-1,1,,
102,A3UWM3KJYEL5XU,-1,0,102,A1J4AZL6MZ675U,-1,1,102,A3HJNOCKXFOOVP,1,1,,no tech,1,-1,1,,
102,A3IC61LDXYISDY,0,1,102,A1G0W1P43RTBKK,1,0,102,A1QKB93D6X2TYL,1,1,,no tech,1,-1,1,,
102,APQMFEY1KUL6A,1,1,102,A142ZRU284W9O,-1,1,102,AT6KZZ2OTABWK,1,1,,no tech,1,-1,1,,
222,A2SBISQJE2ZPJQ,-1,0,222,A1J4AZL6MZ675U,1,1,222,A2416IYI3FQMAG,1,1,,not OA,1,1,-1,,
222,A1CXAIALV3056P,-1,0,222,A2PZDX8PIK73K3,1,1,222,AT6KZZ2OTABWK,-1,0,,not OA,1,1,-1,,
222,ASKV5KO5CV616,1,1,222,A1G0W1P43RTBKK,-1,0,222,A3HJNOCKXFOOVP,1,1,,not OA,1,1,-1,,
222,AT6KZZ2OTABWK,1,1,222,AB66CTVQ90RCV,1,1,222,A1RO22O88I71FD,1,1,,not OA,1,1,-1,,
222,A35K3CN8ZVW6JT,-1,0,222,A2SBISQJE2ZPJQ,1,1,222,A1CXAIALV3056P,-1,0,,not OA,1,1,-1,,
223,A1CXAIALV3056P,-1,0,223,A1J4AZL6MZ675U,1,1,223,A2Z596CRYWL6XC,-1,0,,not OA,1,1,-1,,
223,A2SBISQJE2ZPJQ,1,1,223,A2SBISQJE2ZPJQ,1,1,223,A110KENBXU7SUJ,-1,0,,not OA,1,1,-1,,
223,ASKV5KO5CV616,-1,0,223,A1G0W1P43RTBKK,1,1,223,A2SC7SYQ22RJBR,-1,0,,not OA,1,1,-1,,
223,AT6KZZ2OTABWK,-1,0,223,AB66CTVQ90RCV,1,1,223,A3HJNOCKXFOOVP,-1,0,,not OA,1,1,-1,,
223,A3F9N2P4NUUR7S,1,1,223,A142ZRU284W9O,1,1,223,A1JGZD9FUDYJ30,-1,0,,not OA,1,1,-1,,
224,AB66CTVQ90RCV,-1,0,224,A2PZDX8PIK73K3,-1,0,224,A31XNLA9REVGXL,-1,0,,not OA,1,1,-1,,
224,A1CXAIALV3056P,-1,0,224,AB66CTVQ90RCV,-1,0,224,AT6KZZ2OTABWK,-1,0,,not OA,1,1,-1,,
224,A110KENBXU7SUJ,1,1,224,A12KW2ANXC46MZ,1,1,224,A142ZRU284W9O,-1,0,,not OA,1,1,-1,,
224,A3UWM3KJYEL5XU,1,1,224,A1UE726OT3JLZ9,-1,0,224,A1RO22O88I71FD,1,1,,not OA,1,1,-1,,
224,AT6KZZ2OTABWK,0,1,224,A1665VCUSZL9YT,1,1,224,A3QX9ABC1DVMQG,-1,0,,not OA,1,1,-1,,
225,A110KENBXU7SUJ,0,1,225,AB66CTVQ90RCV,-1,1,225,ASKV5KO5CV616,1,1,,"not OA, no tech",1,-1,-1,,
225,A35K3CN8ZVW6JT,1,1,225,A35K3CN8ZVW6JT,-1,1,225,A3HJNOCKXFOOVP,-1,0,,"not OA, no tech",1,-1,-1,,
225,A3F9N2P4NUUR7S,1,1,225,A3F9N2P4NUUR7S,1,0,225,A2416IYI3FQMAG,-1,0,,"not OA, no tech",1,-1,-1,,
225,A3UWM3KJYEL5XU,-1,0,225,A2SBISQJE2ZPJQ,1,0,225,A1RO22O88I71FD,-1,0,,"not OA, no tech",1,-1,-1,,
225,A31681CCEVDIH3,-1,0,225,A2PZDX8PIK73K3,-1,1,225,A1UE726OT3JLZ9,1,1,,"not OA, no tech",1,-1,-1,,
226,A1CXAIALV3056P,-1,0,226,A2PZDX8PIK73K3,-1,1,226,A1UE726OT3JLZ9,-1,0,,"not OA, no tech",1,-1,-1,,
226,A142ZRU284W9O,-1,0,226,AB66CTVQ90RCV,-1,1,226,A110KENBXU7SUJ,1,1,,"not OA, no tech",1,-1,-1,,
226,AB66CTVQ90RCV,-1,0,226,A142ZRU284W9O,-1,1,226,A1RO22O88I71FD,-1,0,,"not OA, no tech",1,-1,-1,,
226,A2SBISQJE2ZPJQ,-1,0,226,A29Y7ACFAJV9IS,-1,1,226,A1QKB93D6X2TYL,1,1,,"not OA, no tech",1,-1,-1,,
226,A299J4PKHAEU9H,-1,0,226,A2T7Z31RGRHYA4,-1,1,226,AT6KZZ2OTABWK,0,0,,"not OA, no tech",1,-1,-1,,
279,A142ZRU284W9O,-1,0,279,A35K3CN8ZVW6JT,-1,1,279,A110KENBXU7SUJ,-1,0,,"not SI, no tech",1,-1,1,,
279,A110KENBXU7SUJ,1,1,279,AB66CTVQ90RCV,-1,1,279,A2416IYI3FQMAG,1,1,,"not SI, no tech",1,-1,1,,
279,A11R9XFIQDY9SP,-1,0,279,A1J4AZL6MZ675U,-1,1,279,A3QX9ABC1DVMQG,1,1,,"not SI, no tech",1,-1,1,,
279,A1UE726OT3JLZ9,-1,0,279,A2Z596CRYWL6XC,-1,1,279,A1RO22O88I71FD,1,1,,"not SI, no tech",1,-1,1,,
279,A3PIQY6PK42RIS,1,1,279,A36ABFLSNFESVJ,-1,1,279,AB66CTVQ90RCV,1,1,,"not SI, no tech",1,-1,1,,
280,A3F9N2P4NUUR7S,-1,0,280,A2OK8X7F8VQFGG,-1,1,280,A110KENBXU7SUJ,1,1,,"not SI, no tech",1,-1,1,,
280,A1QKFO6SE15Y5D,-1,0,280,APV0K0H4L16M0,-1,1,280,A3HJNOCKXFOOVP,1,1,,"not SI, no tech",1,-1,1,,
280,A31681CCEVDIH3,0,1,280,A2PZDX8PIK73K3,-1,1,280,A1CXAIALV3056P,0,0,,"not SI, no tech",1,-1,1,,
280,AT6KZZ2OTABWK,1,1,280,A2JLU8XYHVY2ZP,1,0,280,A1RO22O88I71FD,-1,0,,"not SI, no tech",1,-1,1,,
280,A36ABFLSNFESVJ,-1,0,280,AB66CTVQ90RCV,-1,1,280,A2SC7SYQ22RJBR,1,1,,"not SI, no tech",1,-1,1,,
281,A34CLFMP19G4NU,-1,0,281,A2SBISQJE2ZPJQ,1,0,281,A3HJNOCKXFOOVP,-1,0,,"not SI, no tech",1,-1,1,,
281,AT6KZZ2OTABWK,1,1,281,A2PZDX8PIK73K3,-1,1,281,A1CXAIALV3056P,-1,0,,"not SI, no tech",1,-1,1,,
281,A1S2MN0E9BHPVA,1,1,281,AL8NYDL4JOYL3,-1,1,281,A1QKB93D6X2TYL,1,1,,"not SI, no tech",1,-1,1,,
281,A3HJNOCKXFOOVP,-1,0,281,A142ZRU284W9O,-1,1,281,AB66CTVQ90RCV,1,1,,"not SI, no tech",1,-1,1,,
281,A142ZRU284W9O,-1,0,281,A1J4AZL6MZ675U,-1,1,281,A142ZRU284W9O,-1,0,,"not SI, no tech",1,-1,1,,
282,ASKV5KO5CV616,1,1,282,A2SBISQJE2ZPJQ,1,0,282,A2416IYI3FQMAG,1,1,,"not SI, no tech",1,-1,1,,
282,A3IC61LDXYISDY,-1,0,282,AB66CTVQ90RCV,-1,1,282,A36VA1TSX3RYED,1,1,,"not SI, no tech",1,-1,1,,
282,A204ZNNA3G96F0,1,1,282,A2PZDX8PIK73K3,-1,1,282,A1RO22O88I71FD,0,0,,"not SI, no tech",1,-1,1,,
282,A2SBISQJE2ZPJQ,1,1,282,ACMT1IYYT6DO3,0,0,282,A1UE726OT3JLZ9,1,1,,"not SI, no tech",1,-1,1,,
282,A142ZRU284W9O,-1,0,282,A142ZRU284W9O,-1,1,282,AT6KZZ2OTABWK,1,1,,"not SI, no tech",1,-1,1,,
283,A1UE726OT3JLZ9,1,1,283,AB66CTVQ90RCV,-1,1,283,A3GOI327COFGY5,1,1,,"not SI, no tech",1,-1,1,,
283,A142ZRU284W9O,1,1,283,A26699AEVYMM7N,0,0,283,A224B7BAQ0MZSN,1,1,,"not SI, no tech",1,-1,1,,
283,AT6KZZ2OTABWK,1,1,283,A2PZDX8PIK73K3,-1,1,283,ASKV5KO5CV616,1,1,,"not SI, no tech",1,-1,1,,
283,A1J4AZL6MZ675U,-1,0,283,A1UE726OT3JLZ9,-1,1,283,A3HJNOCKXFOOVP,1,1,,"not SI, no tech",1,-1,1,,
283,A1S2MN0E9BHPVA,1,1,283,A12KW2ANXC46MZ,1,0,283,A1RO22O88I71FD,-1,0,,"not SI, no tech",1,-1,1,,
284,A3QX9ABC1DVMQG,1,1,284,AB66CTVQ90RCV,-1,1,284,A1QKB93D6X2TYL,1,1,,"not SI, no tech",1,-1,1,,
284,A1CXAIALV3056P,-1,0,284,A1J4AZL6MZ675U,-1,1,284,A2SC7SYQ22RJBR,1,1,,"not SI, no tech",1,-1,1,,
284,A142ZRU284W9O,-1,0,284,A2PZDX8PIK73K3,-1,1,284,A142ZRU284W9O,1,1,,"not SI, no tech",1,-1,1,,
284,A3F0NFNLOLFJT0,-1,0,284,A142ZRU284W9O,-1,1,284,AT6KZZ2OTABWK,1,1,,"not SI, no tech",1,-1,1,,
284,A110KENBXU7SUJ,-1,0,284,A2SBISQJE2ZPJQ,1,0,284,MISSING,1,1,,"not SI, no tech",1,-1,1,,
285,A2SBISQJE2ZPJQ,1,1,285,A1J4AZL6MZ675U,-1,1,285,A2SC7SYQ22RJBR,1,1,,"not SI, no tech",1,-1,1,,
285,A1W7G0SI8Q7EMM,-1,0,285,A2PZDX8PIK73K3,-1,1,285,A3GOI327COFGY5,1,1,,"not SI, no tech",1,-1,1,,
285,A1CXAIALV3056P,-1,0,285,AB66CTVQ90RCV,-1,1,285,A2416IYI3FQMAG,1,1,,"not SI, no tech",1,-1,1,,
285,A3F9N2P4NUUR7S,1,1,285,A2MO0MCFPWXYS7,-1,1,285,A2SBISQJE2ZPJQ,1,1,,"not SI, no tech",1,-1,1,,
285,A142ZRU284W9O,-1,0,285,A3F9N2P4NUUR7S,-1,1,285,A3QX9ABC1DVMQG,1,1,,"not SI, no tech",1,-1,1,,
286,APQMFEY1KUL6A,1,1,286,A2PZDX8PIK73K3,-1,1,286,AT6KZZ2OTABWK,1,1,,"not SI, no tech",1,-1,1,,
286,A2SBISQJE2ZPJQ,1,1,286,A26699AEVYMM7N,1,0,286,APQMFEY1KUL6A,1,1,,"not SI, no tech",1,-1,1,,
286,A3EGOFTCKJYGW,1,1,286,APV0K0H4L16M0,-1,1,286,A142ZRU284W9O,1,1,,"not SI, no tech",1,-1,1,,
286,A2Z596CRYWL6XC,1,1,286,AB66CTVQ90RCV,-1,1,286,A1RO22O88I71FD,-1,0,,"not SI, no tech",1,-1,1,,
286,A3QX9ABC1DVMQG,-1,0,286,A1UE726OT3JLZ9,-1,1,286,A1QKB93D6X2TYL,1,1,,"not SI, no tech",1,-1,1,,
287,A31681CCEVDIH3,1,1,287,A3F9N2P4NUUR7S,1,0,287,A110KENBXU7SUJ,1,1,,"not SI, no tech",1,-1,1,,
287,A2SBISQJE2ZPJQ,-1,0,287,A142ZRU284W9O,-1,1,287,A142ZRU284W9O,1,1,,"not SI, no tech",1,-1,1,,
287,A3F9N2P4NUUR7S,1,1,287,A1UE726OT3JLZ9,-1,1,287,A1QKB93D6X2TYL,1,1,,"not SI, no tech",1,-1,1,,
287,AT6KZZ2OTABWK,1,1,287,AB66CTVQ90RCV,-1,1,287,AT6KZZ2OTABWK,1,1,,"not SI, no tech",1,-1,1,,
287,A110KENBXU7SUJ,1,1,287,A2PZDX8PIK73K3,-1,1,287,MISSING,1,1,,"not SI, no tech",1,-1,1,,
288,A2SBISQJE2ZPJQ,1,1,288,A1J4AZL6MZ675U,-1,1,288,A1CXAIALV3056P,-1,0,,"not SI, no tech",1,-1,1,,
288,A1RO22O88I71FD,1,1,288,AB66CTVQ90RCV,-1,1,288,AT6KZZ2OTABWK,-1,0,,"not SI, no tech",1,-1,1,,
288,A142ZRU284W9O,1,1,288,A2PZDX8PIK73K3,-1,1,288,A1F8ZAE0P2RA8O,-1,0,,"not SI, no tech",1,-1,1,,
288,AT6KZZ2OTABWK,1,1,288,AL8NYDL4JOYL3,-1,1,288,A1RO22O88I71FD,1,1,,"not SI, no tech",1,-1,1,,
288,ASKV5KO5CV616,1,1,288,A142ZRU284W9O,-1,1,288,MISSING,-1,0,,"not SI, no tech",1,-1,1,,
289,A3Q1YUOX8U5O6C,1,1,289,AB66CTVQ90RCV,-1,1,289,AT6KZZ2OTABWK,1,1,,"not SI, no tech",1,-1,1,,
289,A1W7G0SI8Q7EMM,-1,0,289,APV0K0H4L16M0,-1,1,289,A2Z596CRYWL6XC,1,1,,"not SI, no tech",1,-1,1,,
289,A2Z596CRYWL6XC,1,1,289,A2SBISQJE2ZPJQ,1,0,289,A3QX9ABC1DVMQG,1,1,,"not SI, no tech",1,-1,1,,
289,ASKV5KO5CV616,1,1,289,A2PZDX8PIK73K3,1,0,289,A3HJNOCKXFOOVP,1,1,,"not SI, no tech",1,-1,1,,
289,AB66CTVQ90RCV,-1,0,289,A1665VCUSZL9YT,-1,1,289,A1CXAIALV3056P,0,0,,"not SI, no tech",1,-1,1,,
290,A1UE726OT3JLZ9,-1,0,290,A2PZDX8PIK73K3,-1,1,290,A2416IYI3FQMAG,1,1,,"not SI, no tech",1,-1,1,,
290,A1CXAIALV3056P,-1,0,290,AB66CTVQ90RCV,-1,1,290,A1QKB93D6X2TYL,1,1,,"not SI, no tech",1,-1,1,,
290,A35K3CN8ZVW6JT,-1,0,290,A1J4AZL6MZ675U,-1,1,290,AT6KZZ2OTABWK,1,1,,"not SI, no tech",1,-1,1,,
290,A1J4AZL6MZ675U,-1,0,290,AM0JKZVOEOTMA,-1,1,290,A1F8ZAE0P2RA8O,-1,0,,"not SI, no tech",1,-1,1,,
290,ASKV5KO5CV616,-1,0,290,A2SBISQJE2ZPJQ,1,0,290,AEOT74WAPK0A4,1,1,,"not SI, no tech",1,-1,1,,
291,AT6KZZ2OTABWK,1,1,291,A2SBISQJE2ZPJQ,1,0,291,AT6KZZ2OTABWK,-1,0,,"not SI, no tech",1,-1,1,,
291,A3QX9ABC1DVMQG,1,1,291,A142ZRU284W9O,-1,1,291,A1F8ZAE0P2RA8O,1,1,,"not SI, no tech",1,-1,1,,
291,A1CXAIALV3056P,1,1,291,AB66CTVQ90RCV,1,0,291,A2416IYI3FQMAG,1,1,,"not SI, no tech",1,-1,1,,
291,A3F9N2P4NUUR7S,-1,0,291,A26699AEVYMM7N,-1,1,291,A3ARZI0MED7JPG,-1,0,,"not SI, no tech",1,-1,1,,
291,A110KENBXU7SUJ,1,1,291,A1J4AZL6MZ675U,1,0,291,A142ZRU284W9O,1,1,,"not SI, no tech",1,-1,1,,
292,A35K3CN8ZVW6JT,1,1,292,A2PZDX8PIK73K3,-1,1,292,A3HJNOCKXFOOVP,1,1,,"not SI, no tech",1,-1,1,,
292,A1CXAIALV3056P,1,1,292,A29Y7ACFAJV9IS,1,0,292,A1QKB93D6X2TYL,1,1,,"not SI, no tech",1,-1,1,,
292,A2SBISQJE2ZPJQ,1,1,292,A3F9N2P4NUUR7S,-1,1,292,AT6KZZ2OTABWK,1,1,,"not SI, no tech",1,-1,1,,
292,A3F9N2P4NUUR7S,1,1,292,AB66CTVQ90RCV,-1,1,292,A1JGZD9FUDYJ30,1,1,,"not SI, no tech",1,-1,1,,
292,AT6KZZ2OTABWK,1,1,292,A142ZRU284W9O,-1,1,292,A20FCMI1MPEEJN,1,1,,"not SI, no tech",1,-1,1,,
293,A142ZRU284W9O,-1,0,293,A2QVKJW6Z11ZGD,-1,1,293,A3QX9ABC1DVMQG,1,1,,"not SI, no tech",1,-1,1,,
293,AB66CTVQ90RCV,1,1,293,A2PZDX8PIK73K3,-1,1,293,A142ZRU284W9O,1,1,,"not SI, no tech",1,-1,1,,
293,A3UWM3KJYEL5XU,-1,0,293,A142ZRU284W9O,-1,1,293,AT6KZZ2OTABWK,1,1,,"not SI, no tech",1,-1,1,,
293,AT6KZZ2OTABWK,1,1,293,A1665VCUSZL9YT,-1,1,293,AB66CTVQ90RCV,1,1,,"not SI, no tech",1,-1,1,,
293,A1QKB93D6X2TYL,1,1,293,AB66CTVQ90RCV,-1,1,293,A1RO22O88I71FD,-1,0,,"not SI, no tech",1,-1,1,,
294,A2Z596CRYWL6XC,1,1,294,AB66CTVQ90RCV,-1,1,294,AB66CTVQ90RCV,1,1,,"not SI, no tech",1,-1,1,,
294,A1W7G0SI8Q7EMM,-1,0,294,A1G0W1P43RTBKK,-1,1,294,A3QX9ABC1DVMQG,1,1,,"not SI, no tech",1,-1,1,,
294,AT6KZZ2OTABWK,1,1,294,A142ZRU284W9O,-1,1,294,A142ZRU284W9O,1,1,,"not SI, no tech",1,-1,1,,
294,A3F9N2P4NUUR7S,1,1,294,A1UE726OT3JLZ9,-1,1,294,A1QKB93D6X2TYL,1,1,,"not SI, no tech",1,-1,1,,
294,A1J4AZL6MZ675U,-1,0,294,A1665VCUSZL9YT,0,0,294,AT6KZZ2OTABWK,1,1,,"not SI, no tech",1,-1,1,,
295,A142ZRU284W9O,-1,0,295,A2PZDX8PIK73K3,-1,1,295,AB66CTVQ90RCV,1,1,,"not SI, no tech",1,-1,1,,
295,A2Z596CRYWL6XC,-1,0,295,AB66CTVQ90RCV,-1,1,295,A1UE726OT3JLZ9,1,1,,"not SI, no tech",1,-1,1,,
295,AB66CTVQ90RCV,-1,0,295,A1G0W1P43RTBKK,-1,1,295,A1QKB93D6X2TYL,1,1,,"not SI, no tech",1,-1,1,,
295,A1CXAIALV3056P,1,1,295,A142ZRU284W9O,-1,1,295,AT6KZZ2OTABWK,1,1,,"not SI, no tech",1,-1,1,,
295,A3QX9ABC1DVMQG,-1,0,295,A29Y7ACFAJV9IS,-1,1,295,A3HJNOCKXFOOVP,1,1,,"not SI, no tech",1,-1,1,,
296,A110KENBXU7SUJ,-1,0,296,A2MO0MCFPWXYS7,-1,1,296,A2416IYI3FQMAG,1,1,,"not SI, no tech",1,-1,1,,
296,A3F9N2P4NUUR7S,-1,0,296,AB66CTVQ90RCV,-1,1,296,A142ZRU284W9O,1,1,,"not SI, no tech",1,-1,1,,
296,AB66CTVQ90RCV,1,1,296,ASKV5KO5CV616,-1,1,296,A1RO22O88I71FD,-1,0,,"not SI, no tech",1,-1,1,,
296,A35K3CN8ZVW6JT,-1,0,296,A29Y7ACFAJV9IS,-1,1,296,A1QKB93D6X2TYL,1,1,,"not SI, no tech",1,-1,1,,
296,A142ZRU284W9O,-1,0,296,A3F9N2P4NUUR7S,-1,1,296,A1CXAIALV3056P,1,1,,"not SI, no tech",1,-1,1,,
297,AT6KZZ2OTABWK,-1,0,297,AB66CTVQ90RCV,-1,1,297,A142ZRU284W9O,1,1,,"not SI, no tech",1,-1,1,,
297,A142ZRU284W9O,-1,0,297,AL8NYDL4JOYL3,-1,1,297,AT6KZZ2OTABWK,1,1,,"not SI, no tech",1,-1,1,,
297,A1QKB93D6X2TYL,1,1,297,A142ZRU284W9O,-1,1,297,A1RO22O88I71FD,1,1,,"not SI, no tech",1,-1,1,,
297,A3UWM3KJYEL5XU,0,1,297,A12KW2ANXC46MZ,1,0,297,A1QKB93D6X2TYL,1,1,,"not SI, no tech",1,-1,1,,
297,A35K3CN8ZVW6JT,1,1,297,A2PZDX8PIK73K3,-1,1,297,MISSING,1,1,,"not SI, no tech",1,-1,1,,
298,A31681CCEVDIH3,0,1,298,A2PZDX8PIK73K3,-1,1,298,ASKV5KO5CV616,-1,0,,"not SI, no tech",1,-1,1,,
298,A3UWM3KJYEL5XU,-1,0,298,AB66CTVQ90RCV,-1,1,298,A1QKB93D6X2TYL,1,1,,"not SI, no tech",1,-1,1,,
298,AR0IHDROZQIGE,-1,0,298,A1665VCUSZL9YT,-1,1,298,A1CXAIALV3056P,-1,0,,"not SI, no tech",1,-1,1,,
298,A204ZNNA3G96F0,-1,0,298,A1J4AZL6MZ675U,-1,1,298,A3HJNOCKXFOOVP,1,1,,"not SI, no tech",1,-1,1,,
298,A142ZRU284W9O,-1,0,298,A142ZRU284W9O,-1,1,298,A1RO22O88I71FD,1,1,,"not SI, no tech",1,-1,1,,
300,A18J7H2QA7UQIR,1,1,300,A2PZDX8PIK73K3,-1,1,300,A3HJNOCKXFOOVP,1,1,,"not SI, no tech",1,-1,1,,
300,A3F9N2P4NUUR7S,-1,0,300,APV0K0H4L16M0,1,0,300,A1RO22O88I71FD,-1,0,,"not SI, no tech",1,-1,1,,
300,AT6KZZ2OTABWK,1,1,300,A142ZRU284W9O,-1,1,300,AT6KZZ2OTABWK,1,1,,"not SI, no tech",1,-1,1,,
300,A5DSYVNGYLCA5,1,1,300,AB66CTVQ90RCV,-1,1,300,ASKV5KO5CV616,1,1,,"not SI, no tech",1,-1,1,,
300,A1S2MN0E9BHPVA,-1,0,300,A9V77AP0V4RHF,1,0,300,A3EI4AOY9AZIQY,1,1,,"not SI, no tech",1,-1,1,,
301,A29X1A8AF3TUQP,1,1,301,AB66CTVQ90RCV,-1,1,301,A110KENBXU7SUJ,1,1,,"not SI, no tech",1,-1,1,,
301,A1J4AZL6MZ675U,-1,0,301,A2PZDX8PIK73K3,1,0,301,AT6KZZ2OTABWK,1,1,,"not SI, no tech",1,-1,1,,
301,APQMFEY1KUL6A,1,1,301,A142ZRU284W9O,-1,1,301,A1RO22O88I71FD,-1,0,,"not SI, no tech",1,-1,1,,
301,A1CXAIALV3056P,-1,0,301,A36ABFLSNFESVJ,1,0,301,ASKV5KO5CV616,-1,0,,"not SI, no tech",1,-1,1,,
301,A18J7H2QA7UQIR,1,1,301,A1G0W1P43RTBKK,-1,1,301,A142ZRU284W9O,1,1,,"not SI, no tech",1,-1,1,,
302,A3PIQY6PK42RIS,1,1,302,A3F9N2P4NUUR7S,-1,1,302,AT6KZZ2OTABWK,1,1,,"not SI, no tech",1,-1,1,,
302,A1S2MN0E9BHPVA,-1,0,302,A2PZDX8PIK73K3,1,0,302,A3HJNOCKXFOOVP,1,1,,"not SI, no tech",1,-1,1,,
302,A3F0NFNLOLFJT0,-1,0,302,AB66CTVQ90RCV,-1,1,302,A3QX9ABC1DVMQG,1,1,,"not SI, no tech",1,-1,1,,
302,A31681CCEVDIH3,-1,0,302,ATDGXYZ1HKFKX,1,0,302,ASKV5KO5CV616,1,1,,"not SI, no tech",1,-1,1,,
302,A110KENBXU7SUJ,-1,0,302,A1G0W1P43RTBKK,-1,1,302,MISSING,1,1,,"not SI, no tech",1,-1,1,,
303,A3F9N2P4NUUR7S,1,1,303,AB66CTVQ90RCV,-1,1,303,A3HJNOCKXFOOVP,1,1,,"not SI, no tech",1,-1,1,,
303,A110KENBXU7SUJ,-1,0,303,A2PZDX8PIK73K3,-1,1,303,A2416IYI3FQMAG,1,1,,"not SI, no tech",1,-1,1,,
303,AB66CTVQ90RCV,-1,0,303,A142ZRU284W9O,-1,1,303,A142ZRU284W9O,1,1,,"not SI, no tech",1,-1,1,,
303,A2SBISQJE2ZPJQ,-1,0,303,A12KW2ANXC46MZ,1,0,303,A14NSVH4W27CK0,1,1,,"not SI, no tech",1,-1,1,,
303,A142ZRU284W9O,-1,0,303,AL8NYDL4JOYL3,-1,1,303,A1RO22O88I71FD,-1,0,,"not SI, no tech",1,-1,1,,
304,A110KENBXU7SUJ,1,1,304,AB66CTVQ90RCV,-1,1,304,A1CXAIALV3056P,-1,0,,"not SI, no tech",1,-1,1,,
304,A142ZRU284W9O,-1,0,304,A1665VCUSZL9YT,-1,1,304,A110KENBXU7SUJ,-1,0,,"not SI, no tech",1,-1,1,,
304,A35K3CN8ZVW6JT,1,1,304,A2PZDX8PIK73K3,-1,1,304,A1QKB93D6X2TYL,1,1,,"not SI, no tech",1,-1,1,,
304,A36ABFLSNFESVJ,1,1,304,AL8NYDL4JOYL3,-1,1,304,A377PON9N4JZEY,1,1,,"not SI, no tech",1,-1,1,,
304,A3UWM3KJYEL5XU,-1,0,304,A3F9N2P4NUUR7S,-1,1,304,AB66CTVQ90RCV,1,1,,"not SI, no tech",1,-1,1,,
305,A110KENBXU7SUJ,-1,0,305,A2PZDX8PIK73K3,-1,1,305,AT6KZZ2OTABWK,1,1,,"not SI, no tech",1,-1,1,,
305,AB66CTVQ90RCV,-1,0,305,A29Y7ACFAJV9IS,1,0,305,A142ZRU284W9O,1,1,,"not SI, no tech",1,-1,1,,
305,A35K3CN8ZVW6JT,1,1,305,A1665VCUSZL9YT,-1,1,305,A1RO22O88I71FD,-1,0,,"not SI, no tech",1,-1,1,,
305,ASKV5KO5CV616,1,1,305,AB66CTVQ90RCV,-1,1,305,AB66CTVQ90RCV,1,1,,"not SI, no tech",1,-1,1,,
305,A1J4AZL6MZ675U,-1,0,305,A142ZRU284W9O,-1,1,305,A14NSVH4W27CK0,1,1,,"not SI, no tech",1,-1,1,,
306,AT6KZZ2OTABWK,1,1,306,A142ZRU284W9O,-1,1,306,A110KENBXU7SUJ,1,1,,"not SI, no tech",1,-1,1,,
306,A142ZRU284W9O,-1,0,306,A2PZDX8PIK73K3,-1,1,306,A1QKB93D6X2TYL,0,0,,"not SI, no tech",1,-1,1,,
306,A3UWM3KJYEL5XU,0,1,306,APV0K0H4L16M0,-1,1,306,A303MN1VOKQG5I,1,1,,"not SI, no tech",1,-1,1,,
306,AB66CTVQ90RCV,1,1,306,AB66CTVQ90RCV,-1,1,306,A1RO22O88I71FD,1,1,,"not SI, no tech",1,-1,1,,
306,A1UE726OT3JLZ9,1,1,306,A1J4AZL6MZ675U,-1,1,306,AT6KZZ2OTABWK,1,1,,"not SI, no tech",1,-1,1,,
307,A1UE726OT3JLZ9,-1,0,307,AB66CTVQ90RCV,-1,1,307,A1RO22O88I71FD,-1,0,,"not SI, no tech",1,-1,1,,
307,A110KENBXU7SUJ,-1,0,307,A1J4AZL6MZ675U,-1,1,307,APQMFEY1KUL6A,1,1,,"not SI, no tech",1,-1,1,,
307,A3UWM3KJYEL5XU,0,1,307,A2Z596CRYWL6XC,-1,1,307,A1CXAIALV3056P,1,1,,"not SI, no tech",1,-1,1,,
307,A3QX9ABC1DVMQG,-1,0,307,A2PZDX8PIK73K3,-1,1,307,A3HJNOCKXFOOVP,1,1,,"not SI, no tech",1,-1,1,,
307,A1CXAIALV3056P,1,1,307,A2MO0MCFPWXYS7,-1,1,307,A1JGZD9FUDYJ30,1,1,,"not SI, no tech",1,-1,1,,
308,A2PU4YNWITAQVL,-1,0,308,A142ZRU284W9O,-1,1,308,A2SC7SYQ22RJBR,1,1,,"not SI, no tech",1,-1,1,,
308,AT6KZZ2OTABWK,1,1,308,AB66CTVQ90RCV,-1,1,308,AB66CTVQ90RCV,1,1,,"not SI, no tech",1,-1,1,,
308,A110KENBXU7SUJ,-1,0,308,A1J4AZL6MZ675U,-1,1,308,A142ZRU284W9O,1,1,,"not SI, no tech",1,-1,1,,
308,A29X1A8AF3TUQP,1,1,308,A2QVKJW6Z11ZGD,-1,1,308,A1QKB93D6X2TYL,1,1,,"not SI, no tech",1,-1,1,,
308,A1CXAIALV3056P,-1,0,308,A2PZDX8PIK73K3,-1,1,308,A3QX9ABC1DVMQG,1,1,,"not SI, no tech",1,-1,1,,
309,A110KENBXU7SUJ,0,1,309,A142ZRU284W9O,-1,1,309,ANL1ZCMLQ0RUE,1,1,,"not SI, no tech",1,-1,1,,
309,A2SBISQJE2ZPJQ,1,1,309,A2PZDX8PIK73K3,-1,1,309,AA9YQ6WOHEH1R,1,1,,"not SI, no tech",1,-1,1,,
309,A142ZRU284W9O,1,1,309,AB66CTVQ90RCV,-1,1,309,A2Z596CRYWL6XC,1,1,,"not SI, no tech",1,-1,1,,
309,ASKV5KO5CV616,1,1,309,A1G0W1P43RTBKK,1,0,309,A1CXAIALV3056P,1,1,,"not SI, no tech",1,-1,1,,
309,A3F0NFNLOLFJT0,1,1,309,A1J4AZL6MZ675U,-1,1,309,ASKV5KO5CV616,-1,0,,"not SI, no tech",1,-1,1,,
310,A3IC61LDXYISDY,-1,0,310,A3F9N2P4NUUR7S,-1,1,310,A1CXAIALV3056P,-1,0,,"not SI, no tech",1,-1,1,,
310,A2SBISQJE2ZPJQ,1,1,310,AL8NYDL4JOYL3,-1,1,310,AB66CTVQ90RCV,1,1,,"not SI, no tech",1,-1,1,,
310,A1CXAIALV3056P,-1,0,310,A1665VCUSZL9YT,-1,1,310,A1QKB93D6X2TYL,1,1,,"not SI, no tech",1,-1,1,,
310,AB66CTVQ90RCV,-1,0,310,A142ZRU284W9O,-1,1,310,A2Y3MRMF76D2RB,0,0,,"not SI, no tech",1,-1,1,,
310,A3UWM3KJYEL5XU,-1,0,310,A2PZDX8PIK73K3,-1,1,310,A3HJNOCKXFOOVP,-1,0,,"not SI, no tech",1,-1,1,,
311,AT6KZZ2OTABWK,1,1,311,A3F9N2P4NUUR7S,-1,1,311,A2SC7SYQ22RJBR,1,1,,"not SI, no tech",1,-1,1,,
311,AB66CTVQ90RCV,-1,0,311,A1UE726OT3JLZ9,-1,1,311,APQMFEY1KUL6A,1,1,,"not SI, no tech",1,-1,1,,
311,A3F0NFNLOLFJT0,-1,0,311,A2PZDX8PIK73K3,-1,1,311,AB66CTVQ90RCV,1,1,,"not SI, no tech",1,-1,1,,
311,A18J7H2QA7UQIR,1,1,311,AB66CTVQ90RCV,-1,1,311,A3EI4AOY9AZIQY,-1,0,,"not SI, no tech",1,-1,1,,
311,A3F9N2P4NUUR7S,-1,0,311,A29Y7ACFAJV9IS,-1,1,311,A1UE726OT3JLZ9,1,1,,"not SI, no tech",1,-1,1,,
312,A1UE726OT3JLZ9,-1,0,312,A36ABFLSNFESVJ,-1,1,312,APQMFEY1KUL6A,1,1,,"not SI, no tech",1,-1,1,,
312,A1RO22O88I71FD,1,1,312,APV0K0H4L16M0,-1,1,312,A110KENBXU7SUJ,1,1,,"not SI, no tech",1,-1,1,,
312,AB66CTVQ90RCV,-1,0,312,AB66CTVQ90RCV,-1,1,312,AT6KZZ2OTABWK,-1,0,,"not SI, no tech",1,-1,1,,
312,A1W7G0SI8Q7EMM,-1,0,312,A2SBISQJE2ZPJQ,1,0,312,ASKV5KO5CV616,-1,0,,"not SI, no tech",1,-1,1,,
312,A142ZRU284W9O,-1,0,312,A2PZDX8PIK73K3,-1,1,312,A1CXAIALV3056P,-1,0,,"not SI, no tech",1,-1,1,,
313,ASKV5KO5CV616,-1,0,313,A3F9N2P4NUUR7S,-1,1,313,A2416IYI3FQMAG,1,1,,"not SI, no tech",1,-1,1,,
313,A1UE726OT3JLZ9,-1,0,313,A2SBISQJE2ZPJQ,1,0,313,A1JGZD9FUDYJ30,1,1,,"not SI, no tech",1,-1,1,,
313,A1QKFO6SE15Y5D,1,1,313,A142ZRU284W9O,-1,1,313,A9ZBEA4T2FNZ3,1,1,,"not SI, no tech",1,-1,1,,
313,A35K3CN8ZVW6JT,-1,0,313,A1J4AZL6MZ675U,-1,1,313,A1QKB93D6X2TYL,1,1,,"not SI, no tech",1,-1,1,,
313,A2SBISQJE2ZPJQ,1,1,313,AB66CTVQ90RCV,-1,1,313,A20FCMI1MPEEJN,1,1,,"not SI, no tech",1,-1,1,,
314,A142ZRU284W9O,-1,0,314,A29Y7ACFAJV9IS,-1,1,314,A1RO22O88I71FD,-1,0,,"not SI, no tech",1,-1,1,,
314,AB66CTVQ90RCV,-1,0,314,AL8NYDL4JOYL3,-1,1,314,ASKV5KO5CV616,1,1,,"not SI, no tech",1,-1,1,,
314,A1S2MN0E9BHPVA,1,1,314,A2PZDX8PIK73K3,-1,1,314,A3QX9ABC1DVMQG,1,1,,"not SI, no tech",1,-1,1,,
314,A110KENBXU7SUJ,-1,0,314,A2SBISQJE2ZPJQ,1,0,314,AT6KZZ2OTABWK,-1,0,,"not SI, no tech",1,-1,1,,
314,AT6KZZ2OTABWK,-1,0,314,A1G0W1P43RTBKK,1,0,314,A31XNLA9REVGXL,1,1,,"not SI, no tech",1,-1,1,,
315,A3QX9ABC1DVMQG,1,1,315,A2SBISQJE2ZPJQ,1,0,315,A2416IYI3FQMAG,1,1,,"not SI, no tech",1,-1,1,,
315,A2SBISQJE2ZPJQ,1,1,315,A1UE726OT3JLZ9,1,0,315,A1RO22O88I71FD,1,1,,"not SI, no tech",1,-1,1,,
315,AB66CTVQ90RCV,-1,0,315,A142ZRU284W9O,-1,1,315,AT6KZZ2OTABWK,-1,0,,"not SI, no tech",1,-1,1,,
315,A35K3CN8ZVW6JT,1,1,315,A2OK8X7F8VQFGG,-1,1,315,A3QX9ABC1DVMQG,-1,0,,"not SI, no tech",1,-1,1,,
315,A142ZRU284W9O,-1,0,315,AB66CTVQ90RCV,-1,1,315,ASKV5KO5CV616,1,1,,"not SI, no tech",1,-1,1,,
316,A1QKFO6SE15Y5D,1,1,316,A142ZRU284W9O,-1,1,316,AB66CTVQ90RCV,1,1,,"not SI, no tech",1,-1,1,,
316,A2SBISQJE2ZPJQ,1,1,316,A3F9N2P4NUUR7S,-1,1,316,A142ZRU284W9O,1,1,,"not SI, no tech",1,-1,1,,
316,A1QKB93D6X2TYL,1,1,316,A1J4AZL6MZ675U,-1,1,316,A3QX9ABC1DVMQG,1,1,,"not SI, no tech",1,-1,1,,
316,A3UWM3KJYEL5XU,-1,0,316,AB66CTVQ90RCV,-1,1,316,A1CXAIALV3056P,-1,0,,"not SI, no tech",1,-1,1,,
316,A3PIQY6PK42RIS,1,1,316,A2PZDX8PIK73K3,-1,1,316,A1JGZD9FUDYJ30,1,1,,"not SI, no tech",1,-1,1,,
317,A3F9N2P4NUUR7S,1,1,317,A142ZRU284W9O,-1,1,317,A2416IYI3FQMAG,1,1,,"not SI, no tech",1,-1,1,,
317,A35K3CN8ZVW6JT,1,1,317,AB66CTVQ90RCV,-1,1,317,A1RO22O88I71FD,1,1,,"not SI, no tech",1,-1,1,,
317,ASKV5KO5CV616,1,1,317,A3F9N2P4NUUR7S,-1,1,317,A3HJNOCKXFOOVP,1,1,,"not SI, no tech",1,-1,1,,
317,A142ZRU284W9O,-1,0,317,AL8NYDL4JOYL3,-1,1,317,A1QKB93D6X2TYL,-1,0,,"not SI, no tech",1,-1,1,,
317,A1QKB93D6X2TYL,1,1,317,A1J4AZL6MZ675U,-1,1,317,AB66CTVQ90RCV,1,1,,"not SI, no tech",1,-1,1,,
318,A110KENBXU7SUJ,0,1,318,A29Y7ACFAJV9IS,-1,1,318,A1RO22O88I71FD,1,1,,"not SI, no tech",1,-1,1,,
318,A2SBISQJE2ZPJQ,1,1,318,AB66CTVQ90RCV,-1,1,318,A1SBFOZG5J97Z1,0,0,,"not SI, no tech",1,-1,1,,
318,A1CXAIALV3056P,-1,0,318,A2PZDX8PIK73K3,-1,1,318,A1CXAIALV3056P,-1,0,,"not SI, no tech",1,-1,1,,
318,A3F9N2P4NUUR7S,-1,0,318,A35K3CN8ZVW6JT,-1,1,318,A2416IYI3FQMAG,-1,0,,"not SI, no tech",1,-1,1,,
318,A3PIQY6PK42RIS,-1,0,318,A26699AEVYMM7N,0,0,318,A110KENBXU7SUJ,-1,0,,"not SI, no tech",1,-1,1,,
319,A2SBISQJE2ZPJQ,-1,0,319,AB66CTVQ90RCV,-1,1,319,A1RO22O88I71FD,1,1,,"not SI, no tech",1,-1,1,,
319,A3IC61LDXYISDY,-1,0,319,A12KW2ANXC46MZ,1,0,319,AT6KZZ2OTABWK,-1,0,,"not SI, no tech",1,-1,1,,
319,A3UWM3KJYEL5XU,-1,0,319,A2TTAG8NJ9EOIE,-1,1,319,A3HJNOCKXFOOVP,1,1,,"not SI, no tech",1,-1,1,,
319,A3N21HBZFYFEXJ,-1,0,319,A2PZDX8PIK73K3,-1,1,319,A20FCMI1MPEEJN,1,1,,"not SI, no tech",1,-1,1,,
319,AB66CTVQ90RCV,1,1,319,A142ZRU284W9O,-1,1,319,MISSING,1,1,,"not SI, no tech",1,-1,1,,